TITLE;AUTHOR;RATE;AVAILABILITY;BOOKTYPE;PRICE
FAHRENHEIT 451;['RAY BRADBURY'];8;True;Tapa dura;18.53
FAHRENHEIT 451;['RAY BRADBURY'];8;True;Tapa blanda;9.45
DUNE;['FRANK HERBERT'];9;True;Tapa blanda;10.4
DUNE;['FRANK HERBERT'];9;True;eBook;3.79
EL HOMBRE EN EL CASTILLO;['PHILIP K. DICK'];6;True;Tapa dura;10.92
EL HOMBRE EN EL CASTILLO;['PHILIP K. DICK'];6;True;Tapa blanda;7.55
GUERRA MUNDIAL Z;['MAX BROOKS'];8;True;Tapa blanda;9.45
GUERRA MUNDIAL Z;['MAX BROOKS'];8;True;eBook;6.64
GUIA DEL AUTOESTOPISTA GALACTICO;['DOUGLAS ADAMS'];None;True;Tapa blanda;10.35
GUIA DEL AUTOESTOPISTA GALACTICO;['DOUGLAS ADAMS'];None;True;eBook;8.54
TRILOGIA DE LA FUNDACION;['ISAAC ASIMOV'];8;True;Tapa blanda;14.21
TRILOGIA DE LA FUNDACION;['ISAAC ASIMOV'];8;True;eBook;10.44
¿SUEÑAN LOS ANDROIDES CON OVEJAS ELECTRICAS?;['PHILIP K. DICK'];None;True;Tapa dura;10.4
SOY LEYENDA;['RICHARD MATHESON'];None;True;Tapa blanda;7.55
SOY LEYENDA;['RICHARD MATHESON'];None;True;eBook;2.84
UBIK;['PHILIP K. DICK'];9;True;Tapa blanda;7.55
22/11/63;['STEPHEN KING'];8;True;Tapa blanda;10.4
22/11/63;['STEPHEN KING'];8;True;eBook;7.59
LA NARANJA MECANICA;['ANTHONY BURGESS'];9;True;Tapa dura;14.25
LA NARANJA MECANICA;['ANTHONY BURGESS'];9;True;Tapa blanda;7.55
VEINTE;['MANEL LOUREIRO'];None;True;Tapa blanda;9.45
VEINTE;['MANEL LOUREIRO'];None;True;eBook;2.84
LIBRO 1: HYPERION;['DAN SIMMONS'];9;True;Tapa blanda;11.4
LIBRO 1: HYPERION;['DAN SIMMONS'];9;True;eBook;7.59
CRONICAS MARCIANAS;['RAY BRADBURY'];9;True;Tapa dura;10.92
CRONICAS MARCIANAS;['RAY BRADBURY'];9;True;Tapa blanda;7.55
CRONICAS MARCIANAS;['RAY BRADBURY'];9;True;eBook;5.69
EL MESIAS DE DUNE;['FRANK HERBERT'];7;True;Tapa blanda;10.4
EL MESIAS DE DUNE;['FRANK HERBERT'];7;True;eBook;5.69
EL JUEGO DE ENDER (SAGA DE ENDER 4 / ENDER 1);['ORSON SCOTT CARD'];None;True;Tapa blanda;9.45
EL JUEGO DE ENDER (SAGA DE ENDER 4 / ENDER 1);['ORSON SCOTT CARD'];None;True;eBook;3.79
METRO 2035;['DMITRY GLUKHOVSKY'];None;True;Tapa blanda;8.5
METRO 2035;['DMITRY GLUKHOVSKY'];None;True;eBook;8.07
EL HOMBRE ILUSTRADO;['RAY BRADBURY'];9;True;Tapa dura;10.92
EL HOMBRE ILUSTRADO;['RAY BRADBURY'];9;True;Tapa blanda;7.55
HIJOS DE DUNE;['FRANK HERBERT'];7;True;Tapa blanda;10.4
HIJOS DE DUNE;['FRANK HERBERT'];7;True;eBook;5.69
LA GUERRA DE LAS SALAMANDRAS (2ª ED.) (OMNIUM);['KAREL CAPEK'];10;True;Tapa blanda;7.6
EL PODER;['NAOMI ALDERMAN'];None;True;Tapa blanda;9.45
LA GUERRA DE LAS SALAMANDRAS (OMNIUM);['KAREL CAPEK'];None;False;--;--
AURORA;['KIM STANLEY ROBINSON'];None;True;Tapa blanda;10.4
AURORA;['KIM STANLEY ROBINSON'];None;True;eBook;4.74
LIBRO 2: LA CAIDA DE HYPERION;['DAN SIMMONS'];10;True;Tapa blanda;11.4
LIBRO 2: LA CAIDA DE HYPERION;['DAN SIMMONS'];10;True;eBook;5.69
CESAREA (CABALLO DE TROYA 5);['J.J. BENITEZ'];7;True;Tapa blanda;12.3
CESAREA (CABALLO DE TROYA 5);['J.J. BENITEZ'];7;True;eBook;5.69
JERUSALEN (CABALLO DE TROYA 1);['J. J. BENITEZ'];9;True;Tapa blanda;12.3
JERUSALEN (CABALLO DE TROYA 1);['J. J. BENITEZ'];9;True;eBook;6.64
NEXT;['MICHAEL CRICHTON'];5;True;Tapa dura;18.9
NEXT;['MICHAEL CRICHTON'];5;True;Tapa blanda;8.5
YO, ROBOT;['ISAAC ASIMOV'];8;True;Tapa blanda;9.45
YO, ROBOT;['ISAAC ASIMOV'];8;True;eBook;5.99
EL FIN DE LA ETERNIDAD;['ISAAC ASIMOV'];9;True;Tapa blanda;9.45
EL FIN DE LA ETERNIDAD;['ISAAC ASIMOV'];9;True;eBook;1.89
EN LAS MONTAÑAS DE LA LOCURA;['H.P. LOVECRAFT'];10;True;Tapa blanda;7.55
EN LAS MONTAÑAS DE LA LOCURA;['H.P. LOVECRAFT'];10;True;eBook;4.74
MECANOSCRITO DEL SEGUNDO ORIGEN;['MANUEL DE PEDROLO MOLINA'];None;True;Tapa blanda;10.4
LA SOMBRA DEL GIGANTE;['ORSON SCOTT CARD'];None;True;Tapa blanda;9.45
LA SOMBRA DEL GIGANTE;['ORSON SCOTT CARD'];None;True;eBook;4.74
SOMBRAS EN FUGA;['ORSON SCOTT CARD'];None;True;Tapa blanda;9.45
SOMBRAS EN FUGA;['ORSON SCOTT CARD'];None;True;eBook;4.74
FRAGMENTOS DE HONOR (LAS AVENTURAS DE MILES VORKOSIGAN 1);['LOIS MCMASTER BUJOLD'];None;True;Tapa blanda;9.45
FRAGMENTOS DE HONOR (LAS AVENTURAS DE MILES VORKOSIGAN 1);['LOIS MCMASTER BUJOLD'];None;True;eBook;6.64
DIOS EMPERADOR DE DUNE;['FRANK HERBERT'];8;True;Tapa blanda;9.45
RESIDENT EVIL: LA CONSPIRACION UMBRELLA (NUEVA EDICION);['S. D. PERRY'];None;True;Tapa blanda;9.45
RESIDENT EVIL: LA CONSPIRACION UMBRELLA (NUEVA EDICION);['S. D. PERRY'];None;True;eBook;5.69
GOG;['J.J. BENITEZ'];None;True;Tapa blanda;9.45
GOG;['J.J. BENITEZ'];None;True;eBook;7.59
CRONICAS MARCIANAS;['RAY BRADBURY'];None;True;Tapa dura;11.35
CRONICAS MARCIANAS;['RAY BRADBURY'];None;True;Tapa blanda;17.05
CRONICAS MARCIANAS;['RAY BRADBURY'];None;True;eBook;5.69
ENDER EN EL EXILIO (SAGA DE ENDER 11 / ENDER 3);['ORSON SCOTT CARD'];None;True;Tapa blanda;9.45
ENDER EL XENOCIDA (SAGA DE ENDER 13 / ENDER 5);['ORSON SCOTT CARD'];None;True;Tapa blanda;9.45
ENDER EL XENOCIDA (SAGA DE ENDER 13 / ENDER 5);['ORSON SCOTT CARD'];None;True;eBook;4.74
LA VOZ DE LOS MUERTOS (SAGA DE ENDER 12 / ENDER 4);['ORSON SCOTT CARD'];None;True;Tapa blanda;9.45
LA VOZ DE LOS MUERTOS (SAGA DE ENDER 12 / ENDER 4);['ORSON SCOTT CARD'];None;True;eBook;2.84
HIJOS DE LA MENTE (SAGA DE ENDER 14 / ENDER 6);['ORSON SCOTT CARD'];None;True;Tapa blanda;9.45
HIJOS DE LA MENTE (SAGA DE ENDER 14 / ENDER 6);['ORSON SCOTT CARD'];None;True;eBook;4.74
EL MUNDO PERDIDO;['MICHAEL CRICHTON'];None;False;--;--
PARQUE JURASICO;['MICHAEL CRICHTON'];10;True;Tapa blanda;9.45
PARQUE JURASICO;['MICHAEL CRICHTON'];10;True;eBook;6.64
LA GUERRA DE LOS MUNDOS / THE WAR OF THE WORLDS (ED. BILINGUE ESPAÑOL - INGLES);['H.G. WELLS'];None;True;Bolsillo;6.6
UNA ODISEA ESPACIAL;['ARTHUR C. CLARKE'];None;True;Tapa blanda;14.2
UNA ODISEA ESPACIAL;['ARTHUR C. CLARKE'];None;True;eBook;1.89
EL MARTILLO DE DIOS;['ARTHUR C. CLARKE'];6;True;Tapa blanda;7.6
EL MARTILLO DE DIOS;['ARTHUR C. CLARKE'];6;True;eBook;4.74
LIBRO 4: EL ASCENSO DE ENDYMION;['DAN SIMMONS'];8;True;Tapa blanda;11.4
DR. BLOODMONEY;['PHILIP K. DICK'];None;True;Tapa blanda;7.55
VALIS;['PHILIP K. DICK'];None;True;Tapa blanda;7.55
LAS ESTRELLAS MI DESTINO (OMNIUM);['ALFRED BESTER'];10;False;--;--
ANIQUILACION (SOUTHERN REACH 1);['JEFF VANDERMEER'];None;True;Tapa blanda;7.55
PROYECTO KRAKEN;['DOUGLAS PRESTON'];None;True;Tapa blanda;9.45
PROYECTO KRAKEN;['DOUGLAS PRESTON'];None;True;eBook;7.59
NAZARET (CABALLO DE TROYA 4);['J.J. BENITEZ'];9;True;Tapa blanda;12.3
NAZARET (CABALLO DE TROYA 4);['J.J. BENITEZ'];9;True;eBook;5.69
ADIOS PAÑAL;['J.J. BENITEZ'];9;True;Tapa blanda;12.3
FAHRENHEIT 451 (ED. ESCOLAR);['RAY BRADBURY'];10;True;Tapa blanda;8.5
BLADE RUNNER: ¿SUEÑAN LOS ANDROIDES CON OVEJAS ELECTRICAS?;['PHILIP K. DICK'];8;True;Tapa blanda;8.5
LOS TRES ESTIGMAS DE PALMER ELDRITCH;['PHILIP K. DICK'];8;True;Tapa dura;15.2
LOS TRES ESTIGMAS DE PALMER ELDRITCH;['PHILIP K. DICK'];8;True;Tapa blanda;7.55
GUSANOS DE ARENA DE DUNE;['BRIAN HERBERT', 'KEVIN J. ANDERSON'];7;True;Tapa dura;21.37
GUSANOS DE ARENA DE DUNE;['BRIAN HERBERT', 'KEVIN J. ANDERSON'];7;True;Tapa blanda;10.4
GUSANOS DE ARENA DE DUNE;['BRIAN HERBERT', 'KEVIN J. ANDERSON'];7;True;eBook;4.74
SAIDAN (CABALLO DE TROYA, 3);['J. J. BENITEZ'];9;True;Tapa blanda;12.3
SAIDAN (CABALLO DE TROYA, 3);['J. J. BENITEZ'];9;True;eBook;6.64
CANA (CABALLO DE TROYA 9);['J. J. BENITEZ'];9;True;Tapa blanda;12.3
CANA (CABALLO DE TROYA 9);['J. J. BENITEZ'];9;True;eBook;6.64
METRO 2034 (UNIVERSO METRO 2033 Nº 2);['DMITRY GLUKHOVSKY'];10;True;Tapa blanda;8.5
MASADA (CABALLO DE TROYA, 2);['J. J. BENITEZ'];8;True;Tapa blanda;12.3
MASADA (CABALLO DE TROYA, 2);['J. J. BENITEZ'];8;True;eBook;6.64
LIBRO 3: ENDYMION;['DAN SIMMONS'];8;True;Tapa blanda;11.4
LA VIEJA GUARDIA;['JOHN SCALZI'];9;True;Tapa blanda;7.55
MARTE ROJO;['KIM STANLEY ROBINSON'];5;True;Tapa blanda;10.4
LAS BRIGADAS FANTASMA;['JOHN SCALZI'];8;True;Tapa blanda;7.55
EL SOL DESNUDO;['ISAAC ASIMOV'];9;True;Tapa blanda;9.45
EL SOL DESNUDO;['ISAAC ASIMOV'];9;True;eBook;6.64
LOS PROPIOS DIOSES;['ISAAC ASIMOV'];8;True;Tapa blanda;8.5
LOS PROPIOS DIOSES;['ISAAC ASIMOV'];8;True;eBook;6.64
EN FIN DE LA INFANCIA;['ARTHUR C. CLARKE'];8;True;Tapa blanda;9.45
FLUYAN MIS LAGRIMAS, DIJO EL POLICIA;['PHILIP K. DICK'];10;False;--;--
EL DIA DEL RELAMPAGO;['J.J. BENITEZ'];8;True;Tapa blanda;12.3
EL DIA DEL RELAMPAGO;['J.J. BENITEZ'];8;True;eBook;6.64
EL HOMBRE VACIO;['DAN SIMMONS'];10;True;Tapa blanda;7.6
EL HOMBRE VACIO;['DAN SIMMONS'];10;True;eBook;4.74
CHAMAN;['KIM STANLEY ROBINSON'];8;True;Tapa blanda;9.45
CHAMAN;['KIM STANLEY ROBINSON'];8;True;eBook;4.74
LA SOMBRA DE ENDER;['ORSON SCOTT CARD'];None;True;Tapa blanda;9.45
LA SOMBRA DE ENDER;['ORSON SCOTT CARD'];None;True;eBook;4.74
LA SOMBRA DE HEGEMON;['ORSON SCOTT CARD'];None;True;Tapa blanda;9.45
LA SOMBRA DE HEGEMON;['ORSON SCOTT CARD'];None;True;eBook;3.79
CUENTOS COMPLETOS I (COLECCIÓN CUENTOS COMPLETOS 1);['ISAAC ASIMOV'];None;True;Tapa blanda;11.35
MARIONETAS DE LA SOMBRA (SAGA DE ENDER 8);['ORSON SCOTT CARD'];None;True;Tapa blanda;9.45
MARIONETAS DE LA SOMBRA (SAGA DE ENDER 8);['ORSON SCOTT CARD'];None;True;eBook;4.74
BARRAYAR (LAS AVENTURAS DE MILES VORKOSIGAN 2);['LOIS MCMASTER BUJOLD'];None;True;Tapa blanda;9.45
BARRAYAR (LAS AVENTURAS DE MILES VORKOSIGAN 2);['LOIS MCMASTER BUJOLD'];None;True;eBook;6.64
FUNDACION;['ISAAC ASIMOV'];8;True;Tapa blanda;8.5
FUNDACION;['ISAAC ASIMOV'];8;True;eBook;9.49
FUNDACION Y TIERRA;['ISAAC ASIMOV'];9;True;Tapa blanda;9.45
VIAJE ALUCINANTE;['ISAAC ASIMOV'];None;True;Tapa blanda;9.45
FUNDACION E IMPERIO;['ISAAC ASIMOV'];8;True;Tapa blanda;9.45
FUNDACION E IMPERIO;['ISAAC ASIMOV'];8;True;eBook;9.49
LIMITES DE LA FUNDACION;['ISAAC ASIMOV'];9;True;Tapa blanda;9.45
CASA CAPITULAR DUNE;['FRANK HERBERT'];8;True;Tapa blanda;10.4
CASA CAPITULAR DUNE;['FRANK HERBERT'];8;True;eBook;5.69
RESIDENT EVIL: CODIGO VERONICA;['S. D. PERRY'];None;True;Tapa blanda;9.45
RESIDENT EVIL: CODIGO VERONICA;['S. D. PERRY'];None;True;eBook;4.74
RESIDENT EVIL: INFRAMUNDO;['S. D. PERRY'];None;True;Tapa blanda;9.45
RESIDENT EVIL: INFRAMUNDO;['S. D. PERRY'];None;True;eBook;4.74
RESIDENT EVIL: NEMESIS;['S. D. PERRY'];None;True;Tapa blanda;9.45
RESIDENT EVIL: NEMESIS;['S. D. PERRY'];None;True;eBook;4.74
METRO 2033 (SAGA METRO 1);['DMITRY GLUKHOVSKY'];None;True;Tapa blanda;8.5
RESIDENT EVIL: HORA CERO (NUEVA EDICCION);['S. D. PERRY'];None;True;Tapa blanda;9.45
RESIDENT EVIL: HORA CERO (NUEVA EDICCION);['S. D. PERRY'];None;True;eBook;5.69
RESIDENT EVIL: LA ENSENADA CALIBAN;['S. D. PERRY'];None;False;--;--
RESIDENT EVIL: LA CIUDAD DE LOS MUERTOS;['S. D. PERRY'];None;True;Tapa blanda;9.45
RESIDENT EVIL: LA CIUDAD DE LOS MUERTOS;['S. D. PERRY'];None;True;eBook;5.69
LOBO ESPACIAL;['WILLIAM KING'];None;False;--;--
MATTER;['IAIN M. BANKS'];None;True;Bolsillo;13.54
MATTER;['IAIN M. BANKS'];None;True;Tapa blanda;21.85
MILAGROS CRUELES: MAPAS ESPEJO VOL. IV;['ORSON SCOTT CARD'];8;False;--;--
STAR WARS: LEGACY OF THE FORCE: SACRIFICE;['KAREN TRAVIS'];None;True;Bolsillo;7.79
AM;['GREGORIO MARTIN CUADRILLERO'];None;False;--;--
LA CIUDAD Y LA CIUDAD;['CHINA MIEVILLE'];None;False;--;--
EL VIDENTE GRIS: TRANQUOL Y DESTRIPAHUESOS Nº1;['C.L. WERNER'];None;False;--;--
EL RESURGIR DE LA ATLANTIDA;['THOMAS GREANIAS'];None;False;--;--
VOLCAN;['RICHARD DOYLE'];None;False;--;--
SIN UNA PALABRA;['LINWOOD BARCLAY'];8;False;--;--
LA CONFUSION ( VOLUMEN III);['NEAL STEPHENSON'];None;False;--;--
HACEDOR DE ESTRELLAS;['VV.AA.'];None;False;--;--
LABORATORIO HUMANO II: RESURGUIR DEL IMPERIO;['MANUEL DE FRANCISCO'];None;True;Otros;15.2
WALLFLOWER AT THE ORGY;['NORA EPHRON'];None;True;Bolsillo;10.35
LA NARANJA MECANICA;['ANTHONY BURGESS'];None;False;--;--
THE KOUGA NINJA SCROLLS;['YAMADA FUTARO'];None;True;Bolsillo;13.49
ALVIN EL APRENDIZ;['ORSON SCOTT CARD'];10;False;--;--
LA GUERRA DE LOS MUNDOS;['HERBERT GEORGE WELLS'];None;False;--;--
PLAYA DE ACERO;['JOHN VARLEY'];None;False;--;--
FRONTERAS DEL INFINITO;['LOIS MCMASTER BUJOLD'];8;False;--;--
LA NAVE DE UN MILLON DE AÑOS;['POUL ANDERSON'];None;False;--;--
NEMESIS (RESIDENT EVIL);['S.D. PERRY'];10;False;--;--
LA ERA DEL DIAMANTE;['NEAL STEPHENSON'];9;False;--;--
LOS CRISTALES SOÑADORES;['THEODORE STURGEON'];10;False;--;--
LAS DOS TORRES (EL SEÑOR DE LOS ANILLOS II);['J.R.R. TOLKIEN'];9;False;--;--
EL DIA DE LA CREACION;['J.G. BALLARD'];None;False;--;--
INVERNACULO;['BRIAN W. ALDISS'];4;False;--;--
"LA CIUDAD DE LOS MUERTOS (RESIDENT EVIL; 3)";['S.D. PERRY'];None;False;--;--
LA GUERRA DE LOS MUNDOS;['HERBERT GEORGE WELLS'];9;False;--;--
INVERNACULO;['BRIAN W. ALDISS'];4;False;--;--
"LA CIUDAD DE LOS MUERTOS (RESIDENT EVIL; 3)";['S.D. PERRY'];None;False;--;--
HOLA AMERICA;['J.G. BALLARD'];None;False;--;--
MITOS DEL FUTURO PROXIMO;['J.G. BALLARD'];None;False;--;--
LA COMUNIDAD DEL ANILLO (EL SEÑOR DE LOS ANILLOS I);['J.R.R. TOLKIEN'];8;False;--;--
ANOTHER WORLD IS POSSIBLE, JUST BELIEVE: LA RELATIVIDAD DEL BIEN Y EL MAL. HOMENAJE SAGA FINAL FANTASY;"['SANTIAGO; MART�NEZ GARC�A LUCIO']";None;True;Otros;34.2
MORT: LA OBRA;['TERRY PRATCHETT'];8;False;--;--
CUENTOS COMPLETOS II;['ISAAC ASIMOV'];8;False;--;--
LA CASA DE CRISTAL;['CHARLES STROSS'];None;False;--;--
ALVIN MAKER IV ALVIN EL OFICIAL;['ORSON SCOTT CARD'];None;False;--;--
MEG;['STEVE ALTEN'];8;False;--;--
EXPEDICION A LA TIERRA;['ARTHUR C. CLARKE'];None;False;--;--
MERCADERES DEL ESPACIO;['FREDERIK POHL', 'C.M. KORNBLUTH'];9;False;--;--
LA ESPADA ENCANTADA (DARKOVER II);['MARION ZIMMER BRADLEY'];None;False;--;--
LA RADIO DE DARWIN;['GREG BEAR'];None;False;--;--
LOS NIÑOS DE DARWIN;['GREG BEAR'];None;False;--;--
YO, ROBOT;['ISAAC ASIMOV'];None;False;--;--
LA SERPIENTE DEL SUEÑO;['VONDA N. MCINTYRE'];None;False;--;--
LOS SEÑORES DE LA INSTRUMENTALIDAD IV: EN BUSCA DE TRES MUNDOS;['CORDWAINER SMITH'];None;False;--;--
DIARIOS DE LAS ESTRELLAS;['STANISLAW LEM'];9;False;--;--
EDEN;['STANISLAW LEM'];6;False;--;--
CONGRESO DE FUTUROLOGIA;['STANISLAW LEM'];10;False;--;--
ILION (II): LA REBELION;['DAN SIMMONS'];10;False;--;--
SOY LEYENDA;['RICHARD MATHESON'];None;False;--;--
CONDE CERO;['WILLIAM GIBSON'];7;False;--;--
POR NO MENCIONAR AL PERRO;['CONNIE WILLIS'];None;False;--;--
CANTICO POR LEIBOWITZ;['WALTER M. MILLER'];8;False;--;--
EL MUNDO SUMERGIDO;['J.G. BALLARD'];8;False;--;--
EL NOMBRE DEL MUNDO ES BOSQUE;['URSULA K. LEGUIN'];9;False;--;--
LA CONFUSION (VOL. II);['NEAL STEPHENSON'];None;False;--;--
BARRAYAR;['LOIS MCMASTER BUJOLD'];10;False;--;--
RIMRUNNERS;['C.J. CHERRYH'];None;False;--;--
FUNDACION Y CAOS;['GREG BEAR'];6;False;--;--
OVEJA MANSA;['CONNIE WILLIS'];None;False;--;--
LA SOMBRA DEL HEGEMON;['ORSON SCOTT CARD'];10;False;--;--
MENDIGOS EN ESPAÑA;['KRESS. NANCY', 'NANCY KRESS'];None;False;--;--
MARIONETAS DE LA SOMBRA;['ORSON SCOTT CARD'];None;False;--;--
CIBERIADA;['STANISLAW LEM'];None;False;--;--
LA GUERRA DE LOS MUNDOS;['HERBERT GEORGE WELLS'];8;False;--;--
HIJOS DE LA MENTE;['ORSON SCOTT CARD'];None;False;--;--
FIASCO;['STANISLAW LEM'];8;False;--;--
RETORNO A LAS ESTRELLAS;['STANISLAW LEM'];10;False;--;--
RELATOS DEL PILOTO PIRX;['STANISLAW LEM'];None;False;--;--
PORTICO;['FREDERIK POHL'];None;False;--;--
ANOCHECER;['ISAAC ASIMOV'];8;False;--;--
YO, ROBOT;['ISAAC ASIMOV'];7;False;--;--
EL HOMBRE TERMINAL;['MICHAEL CRICHTON'];6;False;--;--
EL PAIS DEL FIN DEL MUNDO;['TERRY PRATCHETT'];8;False;--;--
LA PATINA DEL TIEMPO Y OTROS RELATOS;['HENRY JAMES'];10;False;--;--
IRAS CELESTIALES: (UNA INVESTIGACION DE DIRK GENTLY);['DOUGLAS ADAMS'];10;False;--;--
EL ARCHIVO DE LOS VIUDOS NEGROS;['ISAAC ASIMOV'];None;False;--;--
LA NARANJA MECANICA;['ANTHONY BURGESS'];7;False;--;--
CIUDAD;['CLIFFORD SIMARK'];9;False;--;--
LOS SEÑORES DE LA INSTRUMENTALIDAD II: LA DAMA MUERTA DE CLOWN TWON;['CORDWAINER SMITH'];None;False;--;--
JUAN RARO;['OLAF STAPLEDON'];10;False;--;--
EL HOMBRE DEMOLIDO (PREMIO HUGO 1953);['ALFRED BESTER'];4;False;--;--
LA AFIRMACION;['CHRISTOPHER PRIEST'];None;False;--;--
PORTICO;['FREDERIK POHL'];8;False;--;--
ODISEA;['MICHAEL KUBE-MCDOWELL'];None;False;--;--
EL EXPERIMENTO NOBEL;['RICHARD COX'];None;False;--;--
YO, ROBOT (2ª ED.);['ISAAC ASIMOV'];None;False;--;--
LOS ANALES DE LOS HEECHEE ( LA SAGA DE LOS HEECHEE 4);['FREDERIK POHL'];7;False;--;--
LA PUERTA AL PAIS DE LAS MUJERES;['SHERI S. TEPPER'];None;False;--;--
EL OJO DEL FUEGO;['LEWIS PERDUE'];None;False;--;--
EL JUEGO DE ENDER;['ORSON SCOTT CARD'];8;False;--;--
TRAS EL INCIERTO HORIZONTE: LA SAGA DE LOS HEECHEE 2;['FREDERIK POHL'];8;False;--;--
EL DIA DE LOS TRIFIDOS (BOOKET ESPECIAL NAVIDAD 2007);['JOHN WYNDHAM'];8;False;--;--
LA ERA DEL DIAMANTE;['NEAL STEPHENSON'];9;False;--;--
FAHRENHEIT 451;['RAY BRADBURY'];8;False;--;--
EL PROFETA ROJO (ALVIN MAKER II);['ORSON SCOTT CARD'];None;False;--;--
LA LUNA Y EL SOL;['VONDA N. MCINTYRE'];None;False;--;--
LA RADIO DE DARWIN;['GREG BEAR'];None;False;--;--
HERMANOS DE ARMAS: AVENTURAS DE MILES VORKOSIGAN;['LOIS MCMASTER BUJOLD'];None;False;--;--
LA BELLA DURMIENTE;['SHERI S. TEPPER'];None;False;--;--
BARRAYAR;['LOIS MCMASTER BUJOLD'];None;False;--;--
ILION (I): EL ASEDIO;['DAN SIMMONS'];10;False;--;--
¿SUEÑAN LOS ANDROIDES CON OVEJAS ELECTRICAS?: BLADE RUNNER;['PHILIP K. DICK'];9;False;--;--
LA GUERRA DE LOS MUNDOS;['H.G. WELLS'];7;False;--;--
SANTIAGO: UN MITO DEL FUTURO LEJANO;['MIKE RESNICK'];None;False;--;--
GERANIUM 2204;['GONZALO MOURE'];None;False;--;--
SERES SECRETOS;['ANTONIO MORENO VÍLCHEZ'];None;True;Tapa blanda;12.35
LA NOVENA RAZA. ÁYOREL;['LAURA FD COX'];None;True;Tapa blanda;18.9
CLARO DE TIERRA;['ARTHUR C. CLARKE'];None;False;--;--
HASTA LUEGO, Y GRACIAS POR EL PESCADO (2ª ED.);['DOUGLAS ADAMS'];10;False;--;--
ATLANTIS;['DAVID GIBBINS'];None;False;--;--
MAS ALLA DEL PLANETA SILENCIOSO;['CLIVE STAPLES LEWIS'];None;False;--;--
ESA HORRIBLE FORTALEZA (TRILOGIA COSMICA III);['C.S. LEWIS'];None;False;--;--
BOVEDAS DE ACERO;['ISAAC ASIMOV'];9;False;--;--
MAESTRO CANTOR;['ORSON SCOTT CARD'];9;False;--;--
CUENTOS COMPLETOS I;['ISAAC ASIMOV'];7;False;--;--
EL TEMPLO DE LA LUNA;['FERNANDO J. LOPEZ DEL OSO'];10;True;Tapa blanda;8.5
EL SUEÑO DEL ANDROIDE;['JOHN SCALZI'];8;False;--;--
HIJOS DE LA MENTE;['ORSON SCOTT CARD'];7;False;--;--
LA SOMBRA DEL GIGANTE;['ORSON SCOTT CARD'];7;False;--;--
LOS VIAJES DE TUF;['GEORGE R.R. MARTIN'];8;False;--;--
PANTEON;['CARLOS SISI'];8;False;--;--
CRIOPOLIS;['LOIS MCMASTER BUJOLD'];None;False;--;--
ENVIADOS / THE MISSING II;['MARGARET PETERSON HADDIX'];None;False;--;--
SOMBRAS EN FUGA;['ORSON SCOTT CARD'];None;False;--;--
LA TIERRA EN LLAMAS (PRIMERA GUERRA FORMICA VOL. II);['ORSON SCOTT CARD'];8;False;--;--
EL APAGÓN;['CONNIE WILLIS'];9;False;--;--
LA CAIDA DE LUCIFER CRONICA DE HERMANOS I;['WENDY ALEC'];None;False;--;--
EL PASAJE;['JUSTIN CRONIN'];8;False;--;--
GUERRA DE REGALOS;['ORSON SCOTT CARD'];None;False;--;--
FUNDACION Y CAOS;['GREG BEAR'];None;False;--;--
LA PAJA EN EL OJO DE DIOS;['LARRY NIVEN', 'JERRY POURNELLE'];6;False;--;--
GUIA DEL AUTOESTOPISTA GALACTICO (6ª ED.);['DOUGLAS ADAMS'];8;False;--;--
BLADE RUNNER;['PHILIP K. DICK'];6;False;--;--
SOY LEYENDA;['RICHARD MATHESON'];9;False;--;--
CUENTOS COMPLETOS II;['ISAAC ASIMOV'];6;False;--;--
MEG LA FOSA;['STEVE ALTEN'];None;False;--;--
BONESHAKER;['CHERIE PRIEST'];6;False;--;--
SEMILLAS AMARGAS (TRÍPTICO DE ASCLEPIA 1);['IAN TREGILLIS'];None;False;--;--
UN MAL NECESARIO (TRÍPTICO DE ASCLEPIA 3);['IAN TREGILLIS'];None;False;--;--
ALVIN EL APRENDIZ;['ORSON SCOTT CARD'];None;False;--;--
LA TIERRA DESPREVENIDA;['ORSON SCOTT CARD', 'AARON JOHNSTON'];8;False;--;--
EL SEPTIMO HIJO (SAGA ALVIN MAKER 1);['ORSON SCOTT CARD'];None;False;--;--
INFORME SOBRE LA TIERRA: FUNDAMENTALMENTE INOFENSIVA;['DOUGLAS ADAMS'];None;True;Tapa blanda;9.4
INFORME SOBRE LA TIERRA: FUNDAMENTALMENTE INOFENSIVA;['DOUGLAS ADAMS'];None;True;eBook;5.69
INGENIEROS DE MUNDO ANILLO;['LARRY NIVEN'];None;False;--;--
EL PODER;['NAOMI ALDERMAN'];None;False;--;--
LAS TORRES DEL OLVIDO;['GEORGE TURNER'];None;False;--;--
ALVIN EL OFICIAL (SAGA ALVIN MAKER 4);['ORSON SCOTT CARD'];None;True;Tapa blanda;9.5
ALVIN EL OFICIAL (SAGA ALVIN MAKER 4);['ORSON SCOTT CARD'];None;True;eBook;2.84
LAMPARA DE NOCHE (EDICION OMNIUM);['JACK VANCE'];None;True;Bolsillo;7.6
EL PROFETA ROJO;['ORSON SCOTT CARD'];None;True;Tapa blanda;7.6
EL PROFETA ROJO;['ORSON SCOTT CARD'];None;True;eBook;2.84
CUENTOS COMPLETOS I;['ISAAC ASIMOV'];8;False;--;--
LA FARSA I LA QUIMERA;['JOAN PUIG I FERRETER'];None;True;Tapa blanda;10.35
LA FARSA I LA QUIMERA;['JOAN PUIG I FERRETER'];None;True;eBook;4.74
LAGRIMAS DE LUZ (ED. BOLSILLO);['RAFAEL MARIN'];6;False;--;--
LO MEJOR DE LOS PREMIOS NEBULA 2;['VV.AA.'];None;False;--;--
DARKOVER III: LA HERRENCIA DE LOS HASTUR;['MARION ZIMMER BRADLEY'];None;False;--;--
DARKOVER IV: LA CADENA ROTA;['MARION ZIMMER BRADLEY'];None;False;--;--
EL OJO DE LA GARZA;['URSULA K. LE GUIN'];None;False;--;--
EL CALCULO DE DIOS;['ROBERT J. SAWYER'];9;False;--;--
EL MISTERIO DE LA VIRGEN DE GUADALUPE;['J.J. BENITEZ'];9;False;--;--
LA VELOCIDAD DE LA OSCURIDAD (PREMIO NEBULA 2004);['ELIZABETH MOON'];None;False;--;--
LA CIUDAD DE CRISTAL;['ORSON SCOTT CARD'];None;False;--;--
LO MEJOR DE LOS PREMIOS NEBULA I;['WOLE SOYINKA'];None;False;--;--
UNA LUZ EXTRAÑA;['NANCY KRESS'];None;False;--;--
LA NAVE DE UN MILLON DE AÑOS;['POUL ANDERSON'];4;False;--;--
LA QUINTA COLUMNA;['J.J. BENITEZ'];8;False;--;--
NAHUM (CABALLO DE TROYA 7);['J.J. BENITEZ'];9;False;--;--
LA CABALGATA DE LOS MENDIGOS;['NANCY KRESS'];None;False;--;--
CETAGANDA;['LOIS MCMASTER BUJOLD'];None;False;--;--
MENDIGOS II: MENDIGOS Y OPULENTOS;['NANCY KRESS'];None;False;--;--
LOS SEÑORES DE LA INSTRUMENTALIDAD III: NORSTRILIA;['CORDWAINER SMITH'];None;False;--;--
LOS SEÑORES DE LA INSTRUMENTALIDAD I: PIENSA AZUL, CUENTA HASTA D OS;['CORDWAINER SMITH'];None;False;--;--
EL JUEGO DE LOS VOR;['LOIS MCMASTER BUJOLD'];None;False;--;--
CRONOPAISAJE;['GREGORY BENFORD'];5;False;--;--
EL TRIUNFO DE LA FUNDACION;['DAVID BRIN'];None;False;--;--
EL TEMOR DE LA FUNDACION;['GREGORY BENFORD'];2;False;--;--
EL LIBRO DEL DIA DEL JUICIO FINAL;['CONNIE WILLIS'];None;False;--;--
AZOGUE II: EL REY DE LOS VAGABUNDOS;['NEAL STEPHENSON'];None;False;--;--
FRAGMENTOS DE HONOR;['LOIS MCMASTER BUJOLD'];None;False;--;--
EL SEPTIMO HIJO (ALVIN MAKER I);['ORSON SCOTT CARD'];9;False;--;--
THE RELIC (EL IDOLO PERDIDO);['DOUGLAS PRESTON'];7;False;--;--
ESFERA;['MICHAEL CRICHTON'];8;False;--;--
EL VERANO DEL PEQUEÑO SAN JOHN;['JOHN CROWLEY'];None;False;--;--
MATADRAGONES (LAS AVENTURAS DE GOTREK Y FELIX, WARHAMM);['WILLIAM KING'];None;False;--;--
CODIGO VERONICA (RESIDENT EVIL);['S.D. PERRY'];None;False;--;--
RESCATE EN EL TIEMPO;['MICHAEL CRICHTON'];7;False;--;--
LA MONTAÑA DEL ORIGEN;['DANIEL ALCOBA'];None;False;--;--
PARQUE JURASICO;['MICHAEL CRICHTON'];9;False;--;--
EL ARBOL DE LAS BRUJAS;['RAY BRADBURY'];8;False;--;--
ROBOTS E IMPERIO;['ISAAC ASIMOV'];8;False;--;--
CABALLO DE TROYA Nº 8: JORDAN;['J.J. BENITEZ'];9;False;--;--
STARDUST;['NEIL GAIMAN'];8;False;--;--
DARKOVER 6: LA CASA DE THENDARA;['MARION ZIMMER BRADLEY'];None;False;--;--
EL TESTAMENTO DE SAN JUAN;['J.J. BENITEZ'];8;False;--;--
DARKOVER 5: LA TORRE PROHIBIDA;['MARION ZIMMER BRADLEY'];None;False;--;--
LA CIUDAD AL FINAL DEL TIEMPO;['GREG BEAR'];None;False;--;--
LAS ESTRELLAS, MI DESTINO;['ALFRED BESTER'];8;False;--;--
EL LIBRO DEL DIA DEL JUICIO FINAL;['CONNIE WILLIS'];None;False;--;--
LA SOMBRA DE ENDER;['ORSON SCOTT CARD'];10;False;--;--
LA VOZ DE LOS MUERTOS (SAGA DE ENDER 12 / ENDER 4);['ORSON SCOTT CARD'];10;False;--;--
EL INVENCIBLE;['STANISLAW LEM'];6;False;--;--
COLUMNA DE FUEGO;['RAY BRADBURY'];None;False;--;--
ESTOY EN PUERTOMARTE SIN HILDA Y OTROS CUENTOS;['ISAAC ASIMOV'];8;False;--;--
LA GUERRA INTERMINABLE;['JOE HALDEMAN'];9;False;--;--
LA MANO IZQUIERDA DE LA OSCURIDAD;['URSULA K. LEGUIN'];7;False;--;--
LOS VIAJES DE TUF;['GEORGE R.R. MARTIN'];6;False;--;--
NEUROMANTE;['WILLIAM GIBSON'];7;False;--;--
FAHRENHEIT 451;['RAY BRADBURY'];8;False;--;--
SAIDAN (CABALLO DE TROYA, 3);['J.J. BENITEZ'];7;False;--;--
JERUSALEN (CABALLO DE TROYA, 1);['J.J. BENITEZ'];9;False;--;--
APOCALIPSIS MAYA;['STEVEN ALTEN'];5;False;--;--
EL TEMOR DE LA FUNDACIÓN. SEGUNDA TRILOGÍA DE LA FUNDACIÓN;['GREGORY BENFORD'];None;False;--;--
EL JARDIN DE RAMA;['ARTHUR C. CLARKE'];None;False;--;--
AZOGUE: ODALISCA (LIBRO 3) (VOL. I DEL CICLO BARROCO);['NEAL STEPHENSON'];None;False;--;--
SOLARIS;['STANISLAV LEM'];10;False;--;--
AZOGUE: LIBRO I (VOL.I DEL CICLO BARROCO);['NEAL STEPHENSON'];None;False;--;--
2012;['BRIAN D`AMATO'];6;False;--;--
LA TRANSMIGRACION DE TIMOTHY ARCHER;['PHILIP K. DICK'];None;False;--;--
HEREJES DE DUNE;['FRANK HERBERT'];7;False;--;--
BAJO LOS VIENTOS DE NEPTUNO;['FRED VARGAS'];8;False;--;--
LA RESURRECCION MAYA;['STEVE ALTEN'];5;False;--;--
PRELUDIO A LA FUNDACION;['ISAAC ASIMOV'];8;False;--;--
HACIA LA FUNDACION;['ISAAC ASIMOV'];7;False;--;--
LA SOMBRA DEL HEGEMON;['ORSON SCOTT CARD'];None;False;--;--
MARIONETAS DE LA SOMBRA: LA SAGA DE ENDER (VOL. 6);['ORSON SCOTT CARD'];None;True;Tapa blanda;7.6
MARIONETAS DE LA SOMBRA: LA SAGA DE ENDER (VOL. 6);['ORSON SCOTT CARD'];None;True;eBook;4.74
SULTANA ROJA;['ALBERTO VAZQUEZ-FIGUEROA'];None;False;--;--
LA SOMBRA DE ENDER;['ORSON SCOTT CARD'];10;False;--;--
ESTATUAS DE VENUS;['CANO FARRAGUTE'];None;True;Bolsillo;4.7
LA VOZ DE LOS MUERTOS (II PARTE DE EL JUEGO DE ENDER);['ORSON SCOTT CARD'];9;False;--;--
MUNDO ANILLO;['LARRY NIVEN'];None;False;--;--
HASTA LUEGO, Y GRACIAS POR EL PESCADO;['DOUGLAS ADAMS'];8;False;--;--
LA CONFUSION (VOL. II DEL CICLO BARROCO);['NEAL STEPHENSON'];None;False;--;--
EL TESTAMENTO MAYA;['STEVE ALTEN'];None;False;--;--
EL SECRETO DE ADAN;['GUILLERMO FERRARA'];None;False;--;--
EL PUEBLO;['ZENNA HENDERSON'];None;False;--;--
ZIGZAG (4ª ED.);['JOSE CARLOS SOMOZA'];8;False;--;--
MASADA (CABALLO DE TROYA, 2);['J.J. BENITEZ'];8;False;--;--
HERMON (CABALLO DE TROYA, 6);['J.J. BENITEZ'];9;False;--;--
CESAREA (CABALLO DE TROYA, 5);['J.J. BENITEZ'];8;False;--;--
NAZARET (CABALLO DE TROYA, 4);['J.J. BENITEZ'];7;False;--;--
TONO-BUNGAY;['H. G. WELLS'];None;False;--;--
NEXT (LIMITED 2008);['MICHAEL CRICHTON'];None;False;--;--
RAMA REVELADA;['ARTHUR C. CLARKE', 'GENTRY LEE'];None;False;--;--
EL TESTAMENTO MAYA;['STEVE ALTEN'];9;False;--;--
DUNE: LA CRUZADA DE LAS MAQUINAS;['BRIAN HERBERT', 'KEVIN J. ANDERSON'];9;False;--;--
EL MUNDO PERDIDO (PARQUE JURASICO II);['MICHAEL CRICHTON'];8;False;--;--
ALBINA Y LOS HOMBRES-PERRO;['ALEJANDRO JODOROWSKY'];None;False;--;--
ESTOY EN PUERTOMARTE SIN HILDA;['ISAAC ASIMOV'];None;False;--;--
SOY LEYENDA;['RICHARD MATHESON'];10;False;--;--
LA MAQUINA DEL TIEMPO;['HERBERT GEORGE WELLS'];8;False;--;--
DANZA DE ESPEJOS;['LOIS MCMASTER BUJOLD'];None;False;--;--
BLADE RUNNER;['PHILIP K. DICK'];10;False;--;--
WYRMS;['ORSON SCOTT CARD'];8;True;Tapa blanda;7.6
DEL FOLLETIN AL BOLSILIBRO: 50 AÑOS DE NOVELA POPULAR ESPAÑOLA (1 900-1950). CATALOGO DE LA NOVELA POPULAR ESPAÑOLA 1900-1936;['FERNANDO EGUIDAZU', 'JORGE TARANCON JIMENO'];None;False;--;--
CANCIONES PERDIDAS: LOS CUENTOS OCULTOS: MAPAS EN UN ESPEJO 5;['ORSON SCOTT CARD'];9;True;Tapa blanda;9.5
CANCIONES PERDIDAS: LOS CUENTOS OCULTOS: MAPAS EN UN ESPEJO 5;['ORSON SCOTT CARD'];9;True;eBook;4.74
DARKOVER 8: CIUDAD DE BRUJERIA;['MARION ZIMMER BRADLEY'];8;False;--;--
LOS EXPLORADORES DE PORTICO;['FREDERIK POHL'];8;False;--;--
EL RESTAURANTE DEL FIN DEL MUNDO (2ª ED.);['DOUGLAS ADAMS'];7;False;--;--
EL ENGAÑO HEMINGWAY;['JOE HALDEMAN'];8;False;--;--
DARKOVER 7: EL EXILIO DE SHARRA;['MARION ZIMMER BRADLEY'];None;False;--;--
DARKOVER I: EL SOL SANGRIENTO;['MARION ZIMMER BRADLEY'];10;False;--;--
NEMESIS;['ISAAC ASIMOV'];10;False;--;--
NECRÓPOLIS;['DAN ABNETT'];None;False;--;--
MAPAS EN UN ESPEJO 3: FABULAS Y FANTASIAS;['ORSON SCOTT CARD'];6;False;--;--
EL ENCUENTRO;['FREDERIK POHL'];9;False;--;--
RENEGADO;['CORDELL SCOTTEN'];None;False;--;--
EL ENGAÑO HEMINGWAY;['JOE HALDEMAN'];8;False;--;--
DARKOVER 7: EL EXILIO DE SHARRA;['MARION ZIMMER BRADLEY'];None;False;--;--
DARKOVER I: EL SOL SANGRIENTO;['MARION ZIMMER BRADLEY'];10;False;--;--
NEMESIS;['ISAAC ASIMOV'];10;False;--;--
NECRÓPOLIS;['DAN ABNETT'];None;False;--;--
MAPAS EN UN ESPEJO 3: FABULAS Y FANTASIAS;['ORSON SCOTT CARD'];6;False;--;--
EL ENCUENTRO;['FREDERIK POHL'];9;False;--;--
RENEGADO;['CORDELL SCOTTEN'];None;False;--;--
REFUGIO;['ROB CHILSON'];None;False;--;--
LA TIERRA SILENCIADA;['GRAHAM JOYCE'];6;False;--;--
EL MAPA DEL CIELO;['FELIX J. PALMA'];8;False;--;--
MIRANDO ATRAS;['EDWARD BELLAMY'];None;True;Tapa blanda;9.02
MIRANDO ATRAS;['EDWARD BELLAMY'];None;True;eBook;4.74
ENDER EL XENOCIDA;['ORSON SCOTT CARD'];7;False;--;--
LA VIDA, EL UNIVERSO Y TODO LO DEMAS;['DOUGLAS ADAMS'];7;False;--;--
SIEMPRE NOS QUEDARA PARIS;['RAY BRADBURY'];None;True;Tapa blanda;8.5
SIEMPRE NOS QUEDARA PARIS;['RAY BRADBURY'];None;True;eBook;4.74
ANYBODY OUT THERE?;[];None;True;Otros;2.17
LA LLAMADA DE CTHULHU Y OTROS RELATOS;[];None;True;Otros;4.07
EL AHORCADO. CUENTOS DE ESPANTO. MAPAS EN UN ESPEJO 1;['ORSON SCOTT CARD'];None;True;Tapa blanda;9.45
EL AHORCADO. CUENTOS DE ESPANTO. MAPAS EN UN ESPEJO 1;['ORSON SCOTT CARD'];None;True;eBook;3.79
FLUJO. CUENTOS SOBRE FUTUROS HUMANOS. MAPAS EN UN ESPEJO 2;['ORSON SCOTT CARD'];None;True;Tapa blanda;9.45
FLUJO. CUENTOS SOBRE FUTUROS HUMANOS. MAPAS EN UN ESPEJO 2;['ORSON SCOTT CARD'];None;True;eBook;4.74
MILAGROS CRUELES. CUENTOS SOBRE LA MUERTE. LA ESPERANZA Y LO SAGRADO. MAPAS EN U;['ORSON SCOTT CARD'];None;True;Tapa blanda;9.45
MILAGROS CRUELES. CUENTOS SOBRE LA MUERTE. LA ESPERANZA Y LO SAGRADO. MAPAS EN U;['ORSON SCOTT CARD'];None;True;eBook;4.74
MAESTRO CANTOR;['ORSON SCOTT CARD'];None;True;Tapa blanda;9.45
MAESTRO CANTOR;['ORSON SCOTT CARD'];None;True;eBook;4.74
CANCIONES PERDIDAS. LOS CUENTOS OCULTOS. MAPAS EN UN ESPEJO 5;['ORSON SCOTT CARD'];None;True;Tapa blanda;9.45
CANCIONES PERDIDAS. LOS CUENTOS OCULTOS. MAPAS EN UN ESPEJO 5;['ORSON SCOTT CARD'];None;True;eBook;4.74
MUERTE EN EL SEMINARIO. ADAM DALGLIESH 11;['LOIS MCMASTER BUJOLD'];None;True;Tapa blanda;9.45
MUERTE EN EL SEMINARIO. ADAM DALGLIESH 11;['LOIS MCMASTER BUJOLD'];None;True;eBook;6.64
MAPAS EN UN ESPEJO. FABULAS Y FANTASIAS. MAPAS EN UN ESPEJO 3;['ORSON SCOTT CARD'];None;True;Tapa blanda;9.45
MAPAS EN UN ESPEJO. FABULAS Y FANTASIAS. MAPAS EN UN ESPEJO 3;['ORSON SCOTT CARD'];None;True;eBook;4.74
INMUNIDAD DIPLOMATICA. MILES VORKOSIGAN 14;['LOIS MCMASTER BUJOLD'];None;True;Tapa blanda;9.45
INMUNIDAD DIPLOMATICA. MILES VORKOSIGAN 14;['LOIS MCMASTER BUJOLD'];None;True;eBook;6.64
CRI¾POLIS;['LOIS MCMASTER BUJOLD'];None;True;Tapa blanda;9.45
CRI¾POLIS;['LOIS MCMASTER BUJOLD'];None;True;eBook;4.74
LA SAGA DE LOS WORTHING;['ORSON SCOTT CARD'];None;True;Tapa blanda;9.45
LA SAGA DE LOS WORTHING;['ORSON SCOTT CARD'];None;True;eBook;4.74
LA GENTE DEL MARGEN;['ORSON SCOTT CARD'];None;True;Tapa blanda;9.45
LA GENTE DEL MARGEN;['ORSON SCOTT CARD'];None;True;eBook;4.74
VEINTE MIL LEGUAS DE VIAJE SUBMARINO;['JULES VERNE'];None;True;Tapa dura;23.7
VEINTE MIL LEGUAS DE VIAJE SUBMARINO;['JULES VERNE'];None;True;Tapa blanda;21.33
VEINTE MIL LEGUAS DE VIAJE SUBMARINO;['JULES VERNE'];None;True;eBook;19.94
LA CIUDAD DE CRISTAL. ALVIN MAKER 6;['ORSON SCOTT CARD'];None;True;Tapa blanda;9.45
LA CIUDAD DE CRISTAL. ALVIN MAKER 6;['ORSON SCOTT CARD'];None;True;eBook;2.84
EL SEPTIMO HIJO. ALVIN MAKER 1;['ORSON SCOTT CARD'];None;True;Tapa blanda;9.45
EL SEPTIMO HIJO. ALVIN MAKER 1;['ORSON SCOTT CARD'];None;True;eBook;3.79
FUEGO EN EL CORAZON. ALVIN MAKER 5;['ORSON SCOTT CARD'];None;True;Tapa blanda;9.45
FUEGO EN EL CORAZON. ALVIN MAKER 5;['ORSON SCOTT CARD'];None;True;eBook;2.84
MALA RACHA;['JOSE ANTONIO COTRINA'];None;True;Tapa blanda;11.4
SAN LEIBOWITZ Y LA MUJER CABALLO SALVAJE;[];None;True;Tapa blanda;9.45
SAN LEIBOWITZ Y LA MUJER CABALLO SALVAJE;[];None;True;eBook;4.74
LA MAQUINA DEL TIEMPO (2ª ED.);['HERBERT GEORGE WELLS'];None;True;Tapa blanda;9.02
EL APRENDIZ DE GUERRERO;['LOIS MCMASTER BUJOLD'];9;False;--;--
FLASHFORWARD;['ROBERT J. SAWYER'];8;False;--;--
ARENAS DE MARTE;['ARTHUR C. CLARKE'];None;True;Tapa dura;13.77
ARENAS DE MARTE;['ARTHUR C. CLARKE'];None;True;Tapa blanda;14.15
ARENAS DE MARTE;['ARTHUR C. CLARKE'];None;True;eBook;6.99
RELATOS DE CIENCIA FICCION;['EDGAR ALLAN POE'];None;True;Tapa blanda;14.53
ESTUCHE MUNDOS IMAGINARIOS (RETORNO DE LAS ESTRELLAS (STANISLAW L EM) / LA MAQUINA DEL TIEMPO (H.G.WELLS) / LA INVENCION DE MOREL (BIOY CASARES));['ADOLFO BIOY CASARES', 'STANISLAW LEM'];None;True;Tapa blanda;31.35
CESE DE ALERTA;['CONNIE WILLIS'];None;True;Tapa blanda;11.4
CESE DE ALERTA;['CONNIE WILLIS'];None;True;eBook;4.74
LA GUERRA DE LOS MUNDOS;['H.G. WELLS'];None;False;--;--
TRANSCREPUSCULAR (OMNIUM);['EMILIO BUESO'];None;False;--;--
FIASCO;['STANISLAW LEM'];None;True;Tapa blanda;13.3
EL ENCUENTRO (SAGA DE LOS HEECHEE III);['FREDERICK POHL'];None;True;Tapa blanda;7.6
EL ENCUENTRO (SAGA DE LOS HEECHEE III);['FREDERICK POHL'];None;True;eBook;5.69
REALIDAD AUMENTADA;['BRUNO NIEVAS'];10;True;Tapa blanda;9.45
REALIDAD AUMENTADA;['BRUNO NIEVAS'];10;True;eBook;4.74
LA GENTE DEL MARGEN;['ORSON SCOTT CARD'];7;False;--;--
LA RESURRECCION MAYA;['STEVE ALTEN'];8;False;--;--
OVNI. GUIA DE SUPERVIVENCIA;['RAFA INFANTES'];None;True;Bolsillo;9.5
EL JARDIN DE RAMA;['ARTHUR C. CLARKE', 'GENTRY LEE'];6;True;Tapa blanda;11.4
EL JARDIN DE RAMA;['ARTHUR C. CLARKE', 'GENTRY LEE'];6;True;eBook;4.74
EL JUEGO DE LOS VOR. AVENTURAS DE MILES VORKOSIGAN;['LOIS MCMASTER BUJOLD'];6;False;--;--
PRODIGIO;['A. BYRON COVER'];None;False;--;--
RELATOS DEL PILOTO PIRX;['STANISLAW LEM'];None;True;Tapa blanda;11.4
DIARIOS DE LAS ESTRELLAS;['STANISLAW LEM'];8;True;Tapa dura;18.52
DIARIOS DE LAS ESTRELLAS;['STANISLAW LEM'];8;True;Tapa blanda;15.2
SOSPECHA;['MIKE MCQUAY'];None;False;--;--
LA SAGA DE LOS WORTHING;['ORSON SCOTT CARD'];None;False;--;--
EL ENCUENTRO;['ANGEL SUCASAS FERNANDEZ'];None;False;--;--
ENDER EN EL EXILIO;['ORSON SCOTT CARD'];8;True;Tapa blanda;9.5
ENDER EN EL EXILIO;['ORSON SCOTT CARD'];8;True;eBook;2.84
DUNE: LA BATALLA DE CORRIN;['BRIAN HERBERT', 'KEVIN J. ANDERSON'];9;True;Tapa blanda;10.4
DUNE: LA BATALLA DE CORRIN;['BRIAN HERBERT', 'KEVIN J. ANDERSON'];9;True;eBook;5.69
LA HISTORIA DE PLATTNER;['HERBERT GEORGE WELLS'];None;True;Bolsillo;9.5
INFORME SOBRE LA TIERRA: FUNDAMENTALMENTE INOFENSIVA;['ADAMS DOUGLAS'];None;False;--;--
MAS RELATOS DEL PILOTO PIRX;['STANISLAW LEM'];8;True;Tapa blanda;12.35
DUNE: LA YIHAD BUTLERIANA;['BRIAN HERBERT', 'KEVIN J. ANDERSON'];7;True;Tapa blanda;10.4
DUNE: LA YIHAD BUTLERIANA;['BRIAN HERBERT', 'KEVIN J. ANDERSON'];7;True;eBook;5.69
AVENTURAS ESTELARES DEL PILOTO PIRX;['STANISLAW LEM'];None;True;Tapa blanda;9.5
LA GUERRA DE LOS MUNDOS;['RAMIRO DE MAEZTU', 'HERBERT GEORGE WELLS'];6;True;Tapa dura;18.9
LA GUERRA DE LOS MUNDOS;['RAMIRO DE MAEZTU', 'HERBERT GEORGE WELLS'];6;True;Tapa blanda;9.5
LA GUERRA DE LOS MUNDOS;['RAMIRO DE MAEZTU', 'HERBERT GEORGE WELLS'];6;True;eBook;0.99
EL HOMBRE INVISIBLE;['H. G. WELLS'];None;True;Bolsillo;11.4
LA RAZA FUTURA;['EDWARD BULWER-LYTTON'];None;False;--;--
CONGRESO DE FUTUROLOGIA;['STANISLAW LEM'];9;True;Tapa blanda;10.45
CUENTOS DE LOS VIUDOS NEGROS;['ISAAC ASIMOV'];None;True;Tapa blanda;10.92
EL MANANTIAL;['ALEJANDRO CASTROGUER'];None;True;Bolsillo;9.45
EL MANANTIAL;['ALEJANDRO CASTROGUER'];None;True;Tapa blanda;17.05
LA MAQUINA DEL TIEMPO;['HERBERT GEORGE WELLS'];None;True;Tapa dura;11.87
LA MAQUINA DEL TIEMPO;['HERBERT GEORGE WELLS'];None;True;Tapa blanda;16.01
CIBERIADA;['STANISLAW LEM'];10;True;Tapa blanda;11.4
2312;['KIM STANLEY ROBINSON'];8;True;Tapa blanda;9.45
2312;['KIM STANLEY ROBINSON'];8;True;eBook;9.02
RESCATE EN REMSIS VII.;['FRANCI TAPIA-FUENTES SANGUINO'];None;True;Tapa blanda;11.4
LUCHA FINAL.;['FRANCI TAPIA-FUENTES SANGUINO'];None;True;Tapa blanda;6.41
CAZADOR;['JUAN PABLO FERNÁNDEZ DEL RÍO'];None;True;Tapa blanda;6.41
EL JUEGO DE LOS VOR (LAS AVENTURAS DE MILES VORKOSIGAN 4);['LOIS MCMASTER BUJOLD'];None;True;Tapa blanda;9.45
EL JUEGO DE LOS VOR (LAS AVENTURAS DE MILES VORKOSIGAN 4);['LOIS MCMASTER BUJOLD'];None;True;eBook;6.64
SUEÑOS DE ROBOT;['ISAAC ASIMOV'];5;True;Tapa blanda;9.45
SUEÑOS DE ROBOT;['ISAAC ASIMOV'];5;True;eBook;5.69
CRIPTONOMICON III: EL CODIGO ARETUSA;['NEAL STEPHENSON'];8;False;--;--
CRIPTONOMICON: EL CODIGO ENIGMA I;['NEAL STEPHENSON'];6;False;--;--
CRIPTONOMICON II;['NEAL STEPHENSON'];7;False;--;--
EL MUNDO SUBTERRANEO;['SYDNEY FOWLER WRIGHT'];None;False;--;--
VIAJE ALUCINANTE II;['ISAAC ASIMOV'];6;True;Tapa blanda;9.45
NOCHE DE OSCURAS REVELACIONES;['FRANCESC GRIMALT'];None;True;Tapa blanda;18.0
LA TIERRA EN LLAMAS (PRIMERA GUERRA FORMICA 2);['ORSON SCOTT CARD', 'AARON JOHNSTON'];None;True;Tapa blanda;9.45
LA TIERRA EN LLAMAS (PRIMERA GUERRA FORMICA 2);['ORSON SCOTT CARD', 'AARON JOHNSTON'];None;True;eBook;6.64
LA TIERRA DESPREVENIDA (PRIMERA GUERRA FORMICA 1);['ORSON SCOTT CARD'];None;True;Tapa blanda;9.45
LA TIERRA DESPREVENIDA (PRIMERA GUERRA FORMICA 1);['ORSON SCOTT CARD'];None;True;eBook;1.89
TRANSCREPUSCULAR;['EMILIO BUESO'];None;True;Tapa blanda;8.55
L HOME IL·LUSTRAT;['RAY BRADBURY'];None;True;Tapa blanda;18.9
EL LEGADO DE LOS DIOSES II. LOS CUENTOS DEL ÁRBOL VIEJO;['ISMAEL CONTRERAS CARMONA'];None;True;Otros;13.54
EL LEGADO DE LOS DIOSES I. LA LEYENDA DE LOS CIELOS;['ISMAEL CONTRERAS CARMONA'];None;True;Otros;13.54
VISITANTE DE OTRO TIEMPO;['ANA MAR�A M�RQUEZ GARC�A'];None;True;Otros;13.08
READY PLAYER ONE;['ERNEST CLINE'];None;False;--;--
GUERRA DE REGALOS (SAGA DE ENDER 5 / ENDER 2);['ORSON SCOTT CARD'];None;True;Tapa blanda;8.5
GUERRA DE REGALOS (SAGA DE ENDER 5 / ENDER 2);['ORSON SCOTT CARD'];None;True;eBook;4.74
ANTISOLAR;['EMILIO BUESO'];None;True;Tapa blanda;8.55
METRO 2034 (SAGA METRO 2);['DMITRY GLUKHOVSKY'];None;True;Tapa blanda;8.5
EL COSMOS LARGO;['TERRY PRATCHETT'];None;True;Tapa blanda;9.45
EL COSMOS LARGO;['TERRY PRATCHETT'];None;True;eBook;6.64
LAS ESTRELLAS, MI DESTINO (2ª ED.) (OMNIUM);['ALFRED BESTER'];None;True;Tapa blanda;7.6
SNOW CRASH (OMNIUM);['NEAL STEPHENSON'];None;True;Tapa blanda;7.6
EL AÑO DE LA PLAGA;['MARC PASTOR'];None;True;Bolsillo;10.92
EL AÑO DE LA PLAGA;['MARC PASTOR'];None;True;Tapa blanda;18.05
READY PLAYER ONE (CATALA);['ERNEST CLINE'];None;True;Otros;9.45
READY PLAYER ONE (CATALA);['ERNEST CLINE'];None;True;eBook;4.74
LA MAQUINA DEL TIEMPO / THE TIME MACHINE (ED. BILINGUE ESPAÑOL - INGLES);['H.G. WELLS'];None;True;Tapa blanda;6.6
LA MAQUINA DEL TIEMPO;['HERBERT GEORGE WELLS'];None;True;Tapa dura;12.11
LA MAQUINA DEL TIEMPO;['HERBERT GEORGE WELLS'];None;True;Tapa blanda;9.5
LA MAQUINA DEL TIEMPO;['HERBERT GEORGE WELLS'];None;True;eBook;5.69
CUENTOS DE LA TABERNA DEL CIERVO BLANCO;['ARTHUR C. CLARKE'];8;False;--;--
DUNE: LA CASA ATREIDES;['BRIAN HERBERT', 'KEVIN J. ANDERSON'];8;False;--;--
DUNE: LA CASA HARKONNEN;['BRIAN HERBERT', 'K.J. ANDERSON'];7;False;--;--
NUEVA YORK 2140;['KIM STANLEY ROBINSON'];None;True;Tapa blanda;12.3
NUEVA YORK 2140;['KIM STANLEY ROBINSON'];None;True;eBook;4.74
NÓMADAS NOCTURNOS;['R. R. MARTIN GEORGE'];None;True;Tapa blanda;11.4
RETRATOS DE LOS HIJOS;['R. R. MARTIN GEORGE'];None;True;Tapa blanda;12.35
CETAGANDA (LAS AVENTURAS DE MILES VORKOSIGAN 5);['LOIS MCMASTER BUJOLD'];None;True;Tapa blanda;9.45
CETAGANDA (LAS AVENTURAS DE MILES VORKOSIGAN 5);['LOIS MCMASTER BUJOLD'];None;True;eBook;4.74
RECUERDOS. MILES VORKOSIGAN 11;['LOIS MCMASTER BUJOLD'];None;True;Tapa blanda;9.45
RECUERDOS. MILES VORKOSIGAN 11;['LOIS MCMASTER BUJOLD'];None;True;eBook;6.64
INTRIGAS Y DESEOS. ADAM DALGLIESH 8;['LOIS MCMASTER BUJOLD'];None;True;Tapa blanda;9.45
INTRIGAS Y DESEOS. ADAM DALGLIESH 8;['LOIS MCMASTER BUJOLD'];None;True;eBook;4.74
LA GUERRA INTERMINABLE;['JOE HALDEMAN'];None;True;Tapa dura;15.2
LA GUERRA INTERMINABLE;['JOE HALDEMAN'];None;True;Tapa blanda;9.45
LA GUERRA INTERMINABLE;['JOE HALDEMAN'];None;True;eBook;6.64
UNA CAMPAÐA CIVIL. MILES VORKOSIGAN 13;['LOIS MCMASTER BUJOLD'];None;True;Tapa blanda;9.45
UNA CAMPAÐA CIVIL. MILES VORKOSIGAN 13;['LOIS MCMASTER BUJOLD'];None;True;eBook;6.64
KOMARR. MILES VORKOSIGAN 12;['LOIS MCMASTER BUJOLD'];None;True;Tapa blanda;9.45
KOMARR. MILES VORKOSIGAN 12;['LOIS MCMASTER BUJOLD'];None;True;eBook;6.64
EL PROFETA ROJO. ALVIN MAKER 2;['ORSON SCOTT CARD'];None;False;--;--
ALVIN EL APRENDIZ. ALVIN MAKER 3;['ORSON SCOTT CARD'];None;True;Tapa blanda;9.45
ALVIN EL APRENDIZ. ALVIN MAKER 3;['ORSON SCOTT CARD'];None;True;eBook;2.84
ALVIN EL OFICIAL. ALVIN MAKER 4;['ORSON SCOTT CARD'];None;True;Tapa blanda;9.45
ALVIN EL OFICIAL. ALVIN MAKER 4;['ORSON SCOTT CARD'];None;True;eBook;2.84
LA GUERRA DE LOS MUNDOS;['HERBERT GEORGE WELLS'];None;True;Tapa blanda;10.4
LA GUERRA DE LOS MUNDOS;['HERBERT GEORGE WELLS'];None;True;eBook;2.84
EL MARTE LARGO (SAGA LA TIERRA LARGA 3);['TERRY PRATCHETT', 'STEPHEN BAXTER'];None;True;Tapa blanda;9.45
EL MARTE LARGO (SAGA LA TIERRA LARGA 3);['TERRY PRATCHETT', 'STEPHEN BAXTER'];None;True;eBook;6.64
MUERTE DE LA LUZ;['GEORGE R.R. MARTIN'];None;True;Tapa blanda;5.7
CAZADORES DE DUNE;['BRIAN HERBERT', 'KEVIN J. ANDERSON'];8;False;--;--
DUNE: LA YIHAD BUTLERIANA;['BRIAN HERBERT', 'KEVIN J. ANDERSON'];7;True;Tapa blanda;10.4
DUNE: LA YIHAD BUTLERIANA;['BRIAN HERBERT', 'KEVIN J. ANDERSON'];7;True;eBook;5.69
AVENTURAS ESTELARES DEL PILOTO PIRX;['STANISLAW LEM'];None;True;Tapa blanda;9.5
LA GUERRA DE LOS MUNDOS;['RAMIRO DE MAEZTU', 'HERBERT GEORGE WELLS'];6;True;Tapa dura;18.9
LA GUERRA DE LOS MUNDOS;['RAMIRO DE MAEZTU', 'HERBERT GEORGE WELLS'];6;True;Tapa blanda;9.5
LA GUERRA DE LOS MUNDOS;['RAMIRO DE MAEZTU', 'HERBERT GEORGE WELLS'];6;True;eBook;0.99
2061: ODISEA TRES;['ARTHUR C. CLARKE'];5;True;Tapa blanda;9.45
2061: ODISEA TRES;['ARTHUR C. CLARKE'];5;True;eBook;4.74
3001: ODISEA FINAL;['ARTHUR CHARLES CLAKE'];7;True;Tapa blanda;9.45
3001: ODISEA FINAL;['ARTHUR CHARLES CLAKE'];7;True;eBook;4.74
EL HOMBRE INVISIBLE;['H. G. WELLS'];None;True;Bolsillo;11.4
LA RAZA FUTURA;['EDWARD BULWER-LYTTON'];None;False;--;--
LA GUERRA MÁS FRÍA (TRÍPTICO DE ASCLEPIA 2);['IAN TREGILLIS'];10;False;--;--
EL MONSTRUO QUE AMABA A LAS GASOLINERAS;['CHRISTOPHER MOORE'];None;True;Otros;8.5
EL MONSTRUO QUE AMABA A LAS GASOLINERAS;['CHRISTOPHER MOORE'];None;True;eBook;7.59
LES CRÒNIQUES MARCIANES;['RAY DOUGLAS BRADBURY'];None;True;Otros;8.5
CONGRESO DE FUTUROLOGIA;['STANISLAW LEM'];9;True;Tapa blanda;10.45
MARTE AZUL;['KIM STANLEY ROBINSON'];None;True;Tapa blanda;10.4
MARTE AZUL;['KIM STANLEY ROBINSON'];None;True;eBook;8.54
CUENTOS DE LOS VIUDOS NEGROS;['ISAAC ASIMOV'];None;True;Tapa blanda;10.92
RETORNO DE LAS ESTRELLAS;['STANISLAW LEM'];4;True;Tapa blanda;12.35
EL HOMBRE INVISIBLE;['HERBERT GEORGE WELLS'];None;True;Tapa dura;21.75
EL HOMBRE INVISIBLE;['HERBERT GEORGE WELLS'];None;True;Tapa blanda;10.45
PORTICO: LOS ANALES DE LOS HEECHEE I;['FREDERIK POHL'];None;True;Tapa dura;18.52
PORTICO: LOS ANALES DE LOS HEECHEE I;['FREDERIK POHL'];None;True;Tapa blanda;7.6
PORTICO: LOS ANALES DE LOS HEECHEE I;['FREDERIK POHL'];None;True;eBook;5.69
JERUSALEN. CABALLO DE TROYA 1;['J. J. BENITEZ'];7;False;--;--
EL MAPA DEL CAOS (TRILOGÍA VICTORIANA 3);['FELIX J. PALMA'];None;True;Tapa blanda;10.4
EL MAPA DEL CAOS (TRILOGÍA VICTORIANA 3);['FELIX J. PALMA'];None;True;eBook;9.49
EL MANANTIAL;['ALEJANDRO CASTROGUER'];None;True;Bolsillo;9.45
EL MANANTIAL;['ALEJANDRO CASTROGUER'];None;True;Tapa blanda;17.05
LA MAQUINA DEL TIEMPO;['HERBERT GEORGE WELLS'];None;True;Tapa dura;11.87
LA MAQUINA DEL TIEMPO;['HERBERT GEORGE WELLS'];None;True;Tapa blanda;16.01
CIBERIADA;['STANISLAW LEM'];10;True;Tapa blanda;11.4
2312;['KIM STANLEY ROBINSON'];8;True;Tapa blanda;9.45
2312;['KIM STANLEY ROBINSON'];8;True;eBook;9.02
FAHRENHEIT 451;['RAY BRADBURY'];None;True;Tapa dura;12.3
FAHRENHEIT 451;['RAY BRADBURY'];None;True;Tapa blanda;17.05
LA UTOPIA LARGA (SAGA LA TIERRA LARGA 4);['TERRY PRATCHETT', 'STEPHEN BAXTER'];None;True;Tapa blanda;9.45
RESCATE EN REMSIS VII.;['FRANCI TAPIA-FUENTES SANGUINO'];None;True;Tapa blanda;11.4
LUCHA FINAL.;['FRANCI TAPIA-FUENTES SANGUINO'];None;True;Tapa blanda;6.41
CUENTOS COMPLETOS II (COLECCIÓN CUENTOS COMPLETOS 2);['ISAAC ASIMOV'];None;True;Tapa blanda;11.35
EL APRENDIZ DE GUERRERO (LAS AVENTURAS DE MILES VORKOSIGAN 2);['LOIS MCMASTER BUJOLD'];10;True;Tapa blanda;9.45
EL APRENDIZ DE GUERRERO (LAS AVENTURAS DE MILES VORKOSIGAN 2);['LOIS MCMASTER BUJOLD'];10;True;eBook;5.69
ETHAN DE ATHOS (LAS AVENTURAS DE MILES VORKOSIGAN 3);['LOIS MCMASTER BUJOLD'];None;True;Tapa blanda;9.45
ETHAN DE ATHOS (LAS AVENTURAS DE MILES VORKOSIGAN 3);['LOIS MCMASTER BUJOLD'];None;True;eBook;6.64
EN CAÍDA LIBRE (LAS AVENTURAS DE MILES VORKOSIGAN 4);['LOIS MCMASTER BUJOLD'];None;True;Tapa blanda;9.45
EN CAÍDA LIBRE (LAS AVENTURAS DE MILES VORKOSIGAN 4);['LOIS MCMASTER BUJOLD'];None;True;eBook;6.64
CAZADOR;['JUAN PABLO FERNÁNDEZ DEL RÍO'];None;True;Tapa blanda;6.41
HERMANOS DE ARMAS (LAS AVENTURAS DE MILES VORKOSIGAN 5);['LOIS MCMASTER BUJOLD'];None;False;--;--
EL JUEGO DE LOS VOR (LAS AVENTURAS DE MILES VORKOSIGAN 4);['LOIS MCMASTER BUJOLD'];None;True;Tapa blanda;9.45
EL JUEGO DE LOS VOR (LAS AVENTURAS DE MILES VORKOSIGAN 4);['LOIS MCMASTER BUJOLD'];None;True;eBook;6.64
LA GUERRA DE LOS MUNDOS;['HERBERT GEORGE WELLS'];None;True;Tapa blanda;10.4
LA GUERRA DE LOS MUNDOS;['HERBERT GEORGE WELLS'];None;True;eBook;2.84
EL HOMBRE INVISIBLE / THE INVISIBLE MAN;['WELLS H G'];None;False;--;--
LOS ROBOTS DEL AMANECER;['ISAAC ASIMOV'];None;True;Tapa blanda;9.45
LOS ROBOTS DEL AMANECER;['ISAAC ASIMOV'];None;True;eBook;6.64
SUEÑOS DE ROBOT;['ISAAC ASIMOV'];5;True;Tapa blanda;9.45
SUEÑOS DE ROBOT;['ISAAC ASIMOV'];5;True;eBook;5.69
CRIPTONOMICON III: EL CODIGO ARETUSA;['NEAL STEPHENSON'];8;False;--;--
2001: UNA ODISEA ESPACIAL;['ARTHUR C. CLARKE'];8;True;Tapa blanda;9.45
2001: UNA ODISEA ESPACIAL;['ARTHUR C. CLARKE'];8;True;eBook;4.74
CRIPTONOMICON: EL CODIGO ENIGMA I;['NEAL STEPHENSON'];6;False;--;--
DOMINA;['BARBARA WOOD'];8;True;Tapa dura;18.9
DOMINA;['BARBARA WOOD'];8;True;Tapa blanda;9.45
DOMINA;['BARBARA WOOD'];8;True;eBook;6.64
DUNE. LA CASA DE CORRINO;['BRIAN HERBERT', 'KEVIN J. ANDERSON'];8;True;Tapa blanda;10.4
DUNE. LA CASA DE CORRINO;['BRIAN HERBERT', 'KEVIN J. ANDERSON'];8;True;eBook;4.74
CRIPTONOMICON II;['NEAL STEPHENSON'];7;False;--;--
SEGUNDA FUNDACION;['ISAAC ASIMOV'];8;True;Tapa blanda;9.45
SEGUNDA FUNDACION;['ISAAC ASIMOV'];8;True;eBook;9.49
EL MUNDO SUBTERRANEO;['SYDNEY FOWLER WRIGHT'];None;False;--;--
VIAJE ALUCINANTE II;['ISAAC ASIMOV'];6;True;Tapa blanda;9.45
DUNE: LA CASA HARKONNEN;['BRIAN HERBERT', 'K.J. ANDERSON'];7;False;--;--
DUNE: LA CASA ATREIDES;['BRIAN HERBERT', 'KEVIN J. ANDERSON'];8;False;--;--
NOCHE DE OSCURAS REVELACIONES;['FRANCESC GRIMALT'];None;True;Tapa blanda;18.0
CONDUCTA DEL SATRAPA,LA;['PEDRO NAVARRO ESTEBAN'];None;True;Tapa blanda;17.1
ESTOY EN PUERTOMARTE SIN HILDA Y OTROS CUENTOS.;['ISAAC ASIMOV'];None;True;Tapa blanda;11.4
LA TIERRA EN LLAMAS (PRIMERA GUERRA FORMICA 2);['ORSON SCOTT CARD', 'AARON JOHNSTON'];None;True;Tapa blanda;9.45
LA TIERRA EN LLAMAS (PRIMERA GUERRA FORMICA 2);['ORSON SCOTT CARD', 'AARON JOHNSTON'];None;True;eBook;6.64
LA TIERRA DESPREVENIDA (PRIMERA GUERRA FORMICA 1);['ORSON SCOTT CARD'];None;True;Tapa blanda;9.45
LA TIERRA DESPREVENIDA (PRIMERA GUERRA FORMICA 1);['ORSON SCOTT CARD'];None;True;eBook;1.89
EL COSMOS LARGO;['TERRY PRATCHETT'];None;True;Tapa blanda;9.45
EL COSMOS LARGO;['TERRY PRATCHETT'];None;True;eBook;6.64
ANTISOLAR;['EMILIO BUESO'];None;True;Tapa blanda;8.55
TRANSCREPUSCULAR;['EMILIO BUESO'];None;True;Tapa blanda;8.55
METRO 2034 (SAGA METRO 2);['DMITRY GLUKHOVSKY'];None;True;Tapa blanda;8.5
CUENTOS DE LA TABERNA DEL CIERVO BLANCO;['ARTHUR C. CLARKE'];8;False;--;--
LAS ESTRELLAS, MI DESTINO (2ª ED.) (OMNIUM);['ALFRED BESTER'];None;True;Tapa blanda;7.6
L HOME IL·LUSTRAT;['RAY BRADBURY'];None;True;Tapa blanda;18.9
NUEVA YORK 2140;['KIM STANLEY ROBINSON'];None;True;Tapa blanda;12.3
NUEVA YORK 2140;['KIM STANLEY ROBINSON'];None;True;eBook;4.74
NÓMADAS NOCTURNOS;['R. R. MARTIN GEORGE'];None;True;Tapa blanda;11.4
RETRATOS DE LOS HIJOS;['R. R. MARTIN GEORGE'];None;True;Tapa blanda;12.35
BATTLE ROYALE;['KOUSHUN TAKAMI'];None;True;Tapa blanda;9.45
LA GUERRA LARGA (SAGA LA TIERRA LARGA 2);['TERRY PRATCHETT', 'STEPHEN BAXTER'];None;True;Tapa blanda;9.45
LA GUERRA LARGA (SAGA LA TIERRA LARGA 2);['TERRY PRATCHETT', 'STEPHEN BAXTER'];None;True;eBook;6.64
EL LEGADO DE LOS DIOSES II. LOS CUENTOS DEL ÁRBOL VIEJO;['ISMAEL CONTRERAS CARMONA'];None;True;Otros;13.54
EL LEGADO DE LOS DIOSES I. LA LEYENDA DE LOS CIELOS;['ISMAEL CONTRERAS CARMONA'];None;True;Otros;13.54
VISITANTE DE OTRO TIEMPO;['ANA MAR�A M�RQUEZ GARC�A'];None;True;Otros;13.08
